_id,name,slug,open_hours,_id_city,slug_city,_id_category,name_category,slug_category,coordinates,average_rating,rating_count,rating_specifics
614edf99a5e04db3e9ed4f09,هتل کاوه ,kaveh-hotel-isfahan,"[{'start': {'hour': 0, 'min': 0}, 'end': {'hour': 0, 'min': 0}, 'day_of_week': 'saturday'}, {'start': {'hour': 0, 'min': 0}, 'end': {'hour': 0, 'min': 0}, 'day_of_week': 'sunday'}, {'start': {'hour': 0, 'min': 0}, 'end': {'hour': 0, 'min': 0}, 'day_of_week': 'monday'}, {'start': {'hour': 0, 'min': 0}, 'end': {'hour': 0, 'min': 0}, 'day_of_week': 'tuesday'}, {'start': {'hour': 0, 'min': 0}, 'end': {'hour': 0, 'min': 0}, 'day_of_week': 'wednesday'}, {'start': {'hour': 0, 'min': 0}, 'end': {'hour': 0, 'min': 0}, 'day_of_week': 'thursday'}, {'start': {'hour': 0, 'min': 0}, 'end': {'hour': 0, 'min': 0}, 'day_of_week': 'friday'}]",6140a4235c49bb986631011b,isfahan-city,612b815e2d28e7b40b49aeb8,هتل,Hotel,"[32.7014818, 51.6757002]",3.5,6,"{'1': 0, '2': 0, '3': 3, '4': 3, '5': 0}"
6153131cbb9968a8d3525988,هتل اطلس,atlas-hotel-isfahan,"[{'start': {'hour': 0, 'min': 0}, 'end': {'hour': 0, 'min': 0}, 'day_of_week': 'saturday'}, {'start': {'hour': 0, 'min': 0}, 'end': {'hour': 0, 'min': 0}, 'day_of_week': 'sunday'}, {'start': {'hour': 0, 'min': 0}, 'end': {'hour': 0, 'min': 0}, 'day_of_week': 'monday'}, {'start': {'hour': 0, 'min': 0}, 'end': {'hour': 0, 'min': 0}, 'day_of_week': 'tuesday'}, {'start': {'hour': 0, 'min': 0}, 'end': {'hour': 0, 'min': 0}, 'day_of_week': 'wednesday'}, {'start': {'hour': 0, 'min': 0}, 'end': {'hour': 0, 'min': 0}, 'day_of_week': 'thursday'}, {'start': {'hour': 0, 'min': 0}, 'end': {'hour': 0, 'min': 0}, 'day_of_week': 'friday'}]",6140a4235c49bb986631011b,isfahan-city,612b815e2d28e7b40b49aeb8,هتل,Hotel,"[32.8614776, 51.5671611]",4.444444444444445,9,"{'1': 0, '2': 0, '3': 0, '4': 5, '5': 4}"
61531408837b47a5692b18ec,هتل طوطیا,totia-hotel,"[{'start': {'hour': 0, 'min': 0}, 'end': {'hour': 0, 'min': 0}, 'day_of_week': 'saturday'}, {'start': {'hour': 0, 'min': 0}, 'end': {'hour': 0, 'min': 0}, 'day_of_week': 'sunday'}, {'start': {'hour': 0, 'min': 0}, 'end': {'hour': 0, 'min': 0}, 'day_of_week': 'monday'}, {'start': {'hour': 0, 'min': 0}, 'end': {'hour': 0, 'min': 0}, 'day_of_week': 'tuesday'}, {'start': {'hour': 0, 'min': 0}, 'end': {'hour': 0, 'min': 0}, 'day_of_week': 'wednesday'}, {'start': {'hour': 0, 'min': 0}, 'end': {'hour': 0, 'min': 0}, 'day_of_week': 'thursday'}, {'start': {'hour': 0, 'min': 0}, 'end': {'hour': 0, 'min': 0}, 'day_of_week': 'friday'}]",6140a4235c49bb986631011b,isfahan-city,612b815e2d28e7b40b49aeb8,هتل,Hotel,"[32.665361, 51.6675]",3.0,3,"{'1': 0, '2': 0, '3': 3, '4': 0, '5': 0}"
6153187f837b47a5692b18ed,هتل سعدی,saadi-hotel-in-isfahan,"[{'start': {'hour': 0, 'min': 0}, 'end': {'hour': 0, 'min': 0}, 'day_of_week': 'saturday'}, {'start': {'hour': 0, 'min': 0}, 'end': {'hour': 0, 'min': 0}, 'day_of_week': 'sunday'}, {'start': {'hour': 0, 'min': 0}, 'end': {'hour': 0, 'min': 0}, 'day_of_week': 'monday'}, {'start': {'hour': 0, 'min': 0}, 'end': {'hour': 0, 'min': 0}, 'day_of_week': 'tuesday'}, {'start': {'hour': 0, 'min': 0}, 'end': {'hour': 0, 'min': 0}, 'day_of_week': 'wednesday'}, {'start': {'hour': 0, 'min': 0}, 'end': {'hour': 0, 'min': 0}, 'day_of_week': 'thursday'}, {'start': {'hour': 0, 'min': 0}, 'end': {'hour': 0, 'min': 0}, 'day_of_week': 'friday'}]",6140a4235c49bb986631011b,isfahan-city,612b815e2d28e7b40b49aeb8,هتل,Hotel,"[32.6486611, 51.6667908]",4.0,3,"{'1': 0, '2': 0, '3': 1, '4': 1, '5': 1}"
615319a7837b47a5692b18ee,هتل نگین جی,negin-jey-hotel-isfahan,"[{'start': {'hour': 0, 'min': 0}, 'end': {'hour': 0, 'min': 0}, 'day_of_week': 'saturday'}, {'start': {'hour': 0, 'min': 0}, 'end': {'hour': 0, 'min': 0}, 'day_of_week': 'sunday'}, {'start': {'hour': 0, 'min': 0}, 'end': {'hour': 0, 'min': 0}, 'day_of_week': 'monday'}, {'start': {'hour': 0, 'min': 0}, 'end': {'hour': 0, 'min': 0}, 'day_of_week': 'tuesday'}, {'start': {'hour': 0, 'min': 0}, 'end': {'hour': 0, 'min': 0}, 'day_of_week': 'wednesday'}, {'start': {'hour': 0, 'min': 0}, 'end': {'hour': 0, 'min': 0}, 'day_of_week': 'thursday'}, {'start': {'hour': 0, 'min': 0}, 'end': {'hour': 0, 'min': 0}, 'day_of_week': 'friday'}]",6140a4235c49bb986631011b,isfahan-city,612b815e2d28e7b40b49aeb8,هتل,Hotel,"[32.6572269, 51.7393699]",4.0,5,"{'1': 0, '2': 0, '3': 1, '4': 3, '5': 1}"
61531a77a5e04db3e9ed4f20,هتل کارون,karoon-hotel-isfahan,"[{'start': {'hour': 0, 'min': 0}, 'end': {'hour': 0, 'min': 0}, 'day_of_week': 'saturday'}, {'start': {'hour': 0, 'min': 0}, 'end': {'hour': 0, 'min': 0}, 'day_of_week': 'sunday'}, {'start': {'hour': 0, 'min': 0}, 'end': {'hour': 0, 'min': 0}, 'day_of_week': 'monday'}, {'start': {'hour': 0, 'min': 0}, 'end': {'hour': 0, 'min': 0}, 'day_of_week': 'tuesday'}, {'start': {'hour': 0, 'min': 0}, 'end': {'hour': 0, 'min': 0}, 'day_of_week': 'wednesday'}, {'start': {'hour': 0, 'min': 0}, 'end': {'hour': 0, 'min': 0}, 'day_of_week': 'thursday'}, {'start': {'hour': 0, 'min': 0}, 'end': {'hour': 0, 'min': 0}, 'day_of_week': 'friday'}]",6140a4235c49bb986631011b,isfahan-city,612b815e2d28e7b40b49aeb8,هتل,Hotel,"[32.6402251, 51.6531128]",3.6,5,"{'1': 0, '2': 0, '3': 3, '4': 1, '5': 1}"
61531b88bb9968a8d3525989,خانه مسافر مینوسا,minoosa-guest-house-isfahan,"[{'start': {'hour': 0, 'min': 0}, 'end': {'hour': 0, 'min': 0}, 'day_of_week': 'saturday'}, {'start': {'hour': 0, 'min': 0}, 'end': {'hour': 0, 'min': 0}, 'day_of_week': 'sunday'}, {'start': {'hour': 0, 'min': 0}, 'end': {'hour': 0, 'min': 0}, 'day_of_week': 'monday'}, {'start': {'hour': 0, 'min': 0}, 'end': {'hour': 0, 'min': 0}, 'day_of_week': 'tuesday'}, {'start': {'hour': 0, 'min': 0}, 'end': {'hour': 0, 'min': 0}, 'day_of_week': 'wednesday'}, {'start': {'hour': 0, 'min': 0}, 'end': {'hour': 0, 'min': 0}, 'day_of_week': 'thursday'}, {'start': {'hour': 0, 'min': 0}, 'end': {'hour': 0, 'min': 0}, 'day_of_week': 'friday'}]",6140a4235c49bb986631011b,isfahan-city,612b815e2d28e7b40b49aeb8,هتل,Hotel,"[32.6440537, 51.6755728]",4.333333333333333,3,"{'1': 0, '2': 0, '3': 0, '4': 2, '5': 1}"
61531c5c837b47a5692b18ef,هتل سپاهان,sepahan-hotel-isfahan,"[{'start': {'hour': 0, 'min': 0}, 'end': {'hour': 0, 'min': 0}, 'day_of_week': 'saturday'}, {'start': {'hour': 0, 'min': 0}, 'end': {'hour': 0, 'min': 0}, 'day_of_week': 'sunday'}, {'start': {'hour': 0, 'min': 0}, 'end': {'hour': 0, 'min': 0}, 'day_of_week': 'monday'}, {'start': {'hour': 0, 'min': 0}, 'end': {'hour': 0, 'min': 0}, 'day_of_week': 'tuesday'}, {'start': {'hour': 0, 'min': 0}, 'end': {'hour': 0, 'min': 0}, 'day_of_week': 'wednesday'}, {'start': {'hour': 0, 'min': 0}, 'end': {'hour': 0, 'min': 0}, 'day_of_week': 'thursday'}, {'start': {'hour': 0, 'min': 0}, 'end': {'hour': 0, 'min': 0}, 'day_of_week': 'friday'}]",6140a4235c49bb986631011b,isfahan-city,612b815e2d28e7b40b49aeb8,هتل,Hotel,"[32.6516102, 51.6837899]",3.7777777777777777,9,"{'1': 1, '2': 1, '3': 1, '4': 2, '5': 4}"
61531d0d837b47a5692b18f0,هتل آپارتمان شروین,shervin-apartment-hotel-isfahan,"[{'start': {'hour': 0, 'min': 0}, 'end': {'hour': 0, 'min': 0}, 'day_of_week': 'saturday'}, {'start': {'hour': 0, 'min': 0}, 'end': {'hour': 0, 'min': 0}, 'day_of_week': 'sunday'}, {'start': {'hour': 0, 'min': 0}, 'end': {'hour': 0, 'min': 0}, 'day_of_week': 'monday'}, {'start': {'hour': 0, 'min': 0}, 'end': {'hour': 0, 'min': 0}, 'day_of_week': 'tuesday'}, {'start': {'hour': 0, 'min': 0}, 'end': {'hour': 0, 'min': 0}, 'day_of_week': 'wednesday'}, {'start': {'hour': 0, 'min': 0}, 'end': {'hour': 0, 'min': 0}, 'day_of_week': 'thursday'}, {'start': {'hour': 0, 'min': 0}, 'end': {'hour': 0, 'min': 0}, 'day_of_week': 'friday'}]",6140a4235c49bb986631011b,isfahan-city,612b815e2d28e7b40b49aeb8,هتل,Hotel,"[32.6591506, 51.6826625]",2.6666666666666665,3,"{'1': 1, '2': 0, '3': 1, '4': 1, '5': 0}"
61531dc5837b47a5692b18f1,هتل ایران,iran-hotel-isfahan,"[{'start': {'hour': 0, 'min': 0}, 'end': {'hour': 0, 'min': 0}, 'day_of_week': 'saturday'}, {'start': {'hour': 0, 'min': 0}, 'end': {'hour': 0, 'min': 0}, 'day_of_week': 'sunday'}, {'start': {'hour': 0, 'min': 0}, 'end': {'hour': 0, 'min': 0}, 'day_of_week': 'monday'}, {'start': {'hour': 0, 'min': 0}, 'end': {'hour': 0, 'min': 0}, 'day_of_week': 'tuesday'}, {'start': {'hour': 0, 'min': 0}, 'end': {'hour': 0, 'min': 0}, 'day_of_week': 'wednesday'}, {'start': {'hour': 0, 'min': 0}, 'end': {'hour': 0, 'min': 0}, 'day_of_week': 'thursday'}, {'start': {'hour': 0, 'min': 0}, 'end': {'hour': 0, 'min': 0}, 'day_of_week': 'friday'}]",6140a4235c49bb986631011b,isfahan-city,612b815e2d28e7b40b49aeb8,هتل,Hotel,"[32.6550288, 51.6687021]",4.5,4,"{'1': 0, '2': 0, '3': 0, '4': 2, '5': 2}"
61531e5ebb9968a8d352598a,هتل ماهان,mahan-hotel-in-isfahan,"[{'start': {'hour': 0, 'min': 0}, 'end': {'hour': 0, 'min': 0}, 'day_of_week': 'saturday'}, {'start': {'hour': 0, 'min': 0}, 'end': {'hour': 0, 'min': 0}, 'day_of_week': 'sunday'}, {'start': {'hour': 0, 'min': 0}, 'end': {'hour': 0, 'min': 0}, 'day_of_week': 'monday'}, {'start': {'hour': 0, 'min': 0}, 'end': {'hour': 0, 'min': 0}, 'day_of_week': 'tuesday'}, {'start': {'hour': 0, 'min': 0}, 'end': {'hour': 0, 'min': 0}, 'day_of_week': 'wednesday'}, {'start': {'hour': 0, 'min': 0}, 'end': {'hour': 0, 'min': 0}, 'day_of_week': 'thursday'}, {'start': {'hour': 0, 'min': 0}, 'end': {'hour': 0, 'min': 0}, 'day_of_week': 'friday'}]",6140a4235c49bb986631011b,isfahan-city,612b815e2d28e7b40b49aeb8,هتل,Hotel,"[32.6461016, 51.701738]",2.0,8,"{'1': 5, '2': 0, '3': 1, '4': 2, '5': 0}"
61531f2dbb9968a8d352598b,هتل آفتاب,aftab-hotel-in-isfahan,"[{'start': {'hour': 0, 'min': 0}, 'end': {'hour': 0, 'min': 0}, 'day_of_week': 'saturday'}, {'start': {'hour': 0, 'min': 0}, 'end': {'hour': 0, 'min': 0}, 'day_of_week': 'sunday'}, {'start': {'hour': 0, 'min': 0}, 'end': {'hour': 0, 'min': 0}, 'day_of_week': 'monday'}, {'start': {'hour': 0, 'min': 0}, 'end': {'hour': 0, 'min': 0}, 'day_of_week': 'tuesday'}, {'start': {'hour': 0, 'min': 0}, 'end': {'hour': 0, 'min': 0}, 'day_of_week': 'wednesday'}, {'start': {'hour': 0, 'min': 0}, 'end': {'hour': 0, 'min': 0}, 'day_of_week': 'thursday'}, {'start': {'hour': 0, 'min': 0}, 'end': {'hour': 0, 'min': 0}, 'day_of_week': 'friday'}]",6140a4235c49bb986631011b,isfahan-city,612b815e2d28e7b40b49aeb8,هتل,Hotel,"[32.7138778, 51.7264594]",3.3333333333333335,3,"{'1': 1, '2': 0, '3': 0, '4': 1, '5': 1}"
61531ffe837b47a5692b18f2,هتل دانشمند,daneshmand-hotel-isfahan,"[{'start': {'hour': 0, 'min': 0}, 'end': {'hour': 0, 'min': 0}, 'day_of_week': 'saturday'}, {'start': {'hour': 0, 'min': 0}, 'end': {'hour': 0, 'min': 0}, 'day_of_week': 'sunday'}, {'start': {'hour': 0, 'min': 0}, 'end': {'hour': 0, 'min': 0}, 'day_of_week': 'monday'}, {'start': {'hour': 0, 'min': 0}, 'end': {'hour': 0, 'min': 0}, 'day_of_week': 'tuesday'}, {'start': {'hour': 0, 'min': 0}, 'end': {'hour': 0, 'min': 0}, 'day_of_week': 'wednesday'}, {'start': {'hour': 0, 'min': 0}, 'end': {'hour': 0, 'min': 0}, 'day_of_week': 'thursday'}, {'start': {'hour': 0, 'min': 0}, 'end': {'hour': 0, 'min': 0}, 'day_of_week': 'friday'}]",6140a4235c49bb986631011b,isfahan-city,612b815e2d28e7b40b49aeb8,هتل,Hotel,"[32.6764378, 51.6715629]",3.6666666666666665,15,"{'1': 2, '2': 2, '3': 2, '4': 2, '5': 7}"
615322c6a5e04db3e9ed4f21,هتل سنتی عتیق,atigh-traditional-hotel,"[{'start': {'hour': 0, 'min': 0}, 'end': {'hour': 0, 'min': 0}, 'day_of_week': 'saturday'}, {'start': {'hour': 0, 'min': 0}, 'end': {'hour': 0, 'min': 0}, 'day_of_week': 'sunday'}, {'start': {'hour': 0, 'min': 0}, 'end': {'hour': 0, 'min': 0}, 'day_of_week': 'monday'}, {'start': {'hour': 0, 'min': 0}, 'end': {'hour': 0, 'min': 0}, 'day_of_week': 'tuesday'}, {'start': {'hour': 0, 'min': 0}, 'end': {'hour': 0, 'min': 0}, 'day_of_week': 'wednesday'}, {'start': {'hour': 0, 'min': 0}, 'end': {'hour': 0, 'min': 0}, 'day_of_week': 'thursday'}, {'start': {'hour': 0, 'min': 0}, 'end': {'hour': 0, 'min': 0}, 'day_of_week': 'friday'}]",6140a4235c49bb986631011b,isfahan-city,612b815e2d28e7b40b49aeb8,هتل,Hotel,"[32.6672101, 51.6869963]",3.909090909090909,22,"{'1': 3, '2': 2, '3': 1, '4': 4, '5': 12}"
61653f83f0ee4798280d360a,هتل نقش جهان,naghshe-jahan-hotel-isfahan,"[{'start': {'hour': 0, 'min': 0}, 'end': {'hour': 0, 'min': 0}, 'day_of_week': 'saturday'}, {'start': {'hour': 0, 'min': 0}, 'end': {'hour': 0, 'min': 0}, 'day_of_week': 'sunday'}, {'start': {'hour': 0, 'min': 0}, 'end': {'hour': 0, 'min': 0}, 'day_of_week': 'monday'}, {'start': {'hour': 0, 'min': 0}, 'end': {'hour': 0, 'min': 0}, 'day_of_week': 'tuesday'}, {'start': {'hour': 0, 'min': 0}, 'end': {'hour': 0, 'min': 0}, 'day_of_week': 'wednesday'}, {'start': {'hour': 0, 'min': 0}, 'end': {'hour': 0, 'min': 0}, 'day_of_week': 'thursday'}, {'start': {'hour': 0, 'min': 0}, 'end': {'hour': 0, 'min': 0}, 'day_of_week': 'friday'}]",6140a4235c49bb986631011b,isfahan-city,612b815e2d28e7b40b49aeb8,هتل,Hotel,"[32.6590251, 51.6690242]",4.5,2,"{'1': 0, '2': 0, '3': 0, '4': 1, '5': 1}"
616a90299ee6b16bd45305c9,هتل ساحلی پردیس مبارکه,pardis-hotel-isfahan,"[{'start': {'hour': 0, 'min': 0}, 'end': {'hour': 0, 'min': 0}, 'day_of_week': 'saturday'}, {'start': {'hour': 0, 'min': 0}, 'end': {'hour': 0, 'min': 0}, 'day_of_week': 'sunday'}, {'start': {'hour': 0, 'min': 0}, 'end': {'hour': 0, 'min': 0}, 'day_of_week': 'monday'}, {'start': {'hour': 0, 'min': 0}, 'end': {'hour': 0, 'min': 0}, 'day_of_week': 'tuesday'}, {'start': {'hour': 0, 'min': 0}, 'end': {'hour': 0, 'min': 0}, 'day_of_week': 'wednesday'}, {'start': {'hour': 0, 'min': 0}, 'end': {'hour': 0, 'min': 0}, 'day_of_week': 'thursday'}, {'start': {'hour': 0, 'min': 0}, 'end': {'hour': 0, 'min': 0}, 'day_of_week': 'friday'}]",6140a4235c49bb986631011b,isfahan-city,612b815e2d28e7b40b49aeb8,هتل,Hotel,"[32.3755375, 51.527044]",4.0,7,"{'1': 0, '2': 0, '3': 2, '4': 3, '5': 2}"
616a90fe9ee6b16bd45305cb,هتل سما,sama-hotel-isfahan,"[{'start': {'hour': 0, 'min': 0}, 'end': {'hour': 0, 'min': 0}, 'day_of_week': 'saturday'}, {'start': {'hour': 0, 'min': 0}, 'end': {'hour': 0, 'min': 0}, 'day_of_week': 'sunday'}, {'start': {'hour': 0, 'min': 0}, 'end': {'hour': 0, 'min': 0}, 'day_of_week': 'monday'}, {'start': {'hour': 0, 'min': 0}, 'end': {'hour': 0, 'min': 0}, 'day_of_week': 'tuesday'}, {'start': {'hour': 0, 'min': 0}, 'end': {'hour': 0, 'min': 0}, 'day_of_week': 'wednesday'}, {'start': {'hour': 0, 'min': 0}, 'end': {'hour': 0, 'min': 0}, 'day_of_week': 'thursday'}, {'start': {'hour': 0, 'min': 0}, 'end': {'hour': 0, 'min': 0}, 'day_of_week': 'friday'}]",6140a4235c49bb986631011b,isfahan-city,612b815e2d28e7b40b49aeb8,هتل,Hotel,"[32.67811, 51.8622592]",4.25,4,"{'1': 0, '2': 0, '3': 1, '4': 1, '5': 2}"
616a94319ee6b16bd45305cd,خانه تاریخی ایروانی,iravani-traditional-hotel-isfahan,"[{'start': {'hour': 0, 'min': 0}, 'end': {'hour': 0, 'min': 0}, 'day_of_week': 'saturday'}, {'start': {'hour': 0, 'min': 0}, 'end': {'hour': 0, 'min': 0}, 'day_of_week': 'sunday'}, {'start': {'hour': 0, 'min': 0}, 'end': {'hour': 0, 'min': 0}, 'day_of_week': 'monday'}, {'start': {'hour': 0, 'min': 0}, 'end': {'hour': 0, 'min': 0}, 'day_of_week': 'tuesday'}, {'start': {'hour': 0, 'min': 0}, 'end': {'hour': 0, 'min': 0}, 'day_of_week': 'wednesday'}, {'start': {'hour': 0, 'min': 0}, 'end': {'hour': 0, 'min': 0}, 'day_of_week': 'thursday'}, {'start': {'hour': 0, 'min': 0}, 'end': {'hour': 0, 'min': 0}, 'day_of_week': 'friday'}]",6140a4235c49bb986631011b,isfahan-city,612b815e2d28e7b40b49aeb8,هتل,Hotel,"[32.6698492, 51.6838612]",4.8,5,"{'1': 0, '2': 0, '3': 0, '4': 1, '5': 4}"
616a96379ee6b16bd45305cf,هتل اصفهان,isfahan-hotel,"[{'start': {'hour': 0, 'min': 0}, 'end': {'hour': 0, 'min': 0}, 'day_of_week': 'saturday'}, {'start': {'hour': 0, 'min': 0}, 'end': {'hour': 0, 'min': 0}, 'day_of_week': 'sunday'}, {'start': {'hour': 0, 'min': 0}, 'end': {'hour': 0, 'min': 0}, 'day_of_week': 'monday'}, {'start': {'hour': 0, 'min': 0}, 'end': {'hour': 0, 'min': 0}, 'day_of_week': 'tuesday'}, {'start': {'hour': 0, 'min': 0}, 'end': {'hour': 0, 'min': 0}, 'day_of_week': 'wednesday'}, {'start': {'hour': 0, 'min': 0}, 'end': {'hour': 0, 'min': 0}, 'day_of_week': 'thursday'}, {'start': {'hour': 0, 'min': 0}, 'end': {'hour': 0, 'min': 0}, 'day_of_week': 'friday'}]",6140a4235c49bb986631011b,isfahan-city,612b815e2d28e7b40b49aeb8,هتل,Hotel,"[32.6443436, 51.6520339]",2.0,5,"{'1': 3, '2': 0, '3': 1, '4': 1, '5': 0}"
616c26cc17b0ee0717e8d16d,هتل صبا,saba-hotel-isfahan,"[{'start': {'hour': 0, 'min': 0}, 'end': {'hour': 0, 'min': 0}, 'day_of_week': 'saturday'}, {'start': {'hour': 0, 'min': 0}, 'end': {'hour': 0, 'min': 0}, 'day_of_week': 'sunday'}, {'start': {'hour': 0, 'min': 0}, 'end': {'hour': 0, 'min': 0}, 'day_of_week': 'monday'}, {'start': {'hour': 0, 'min': 0}, 'end': {'hour': 0, 'min': 0}, 'day_of_week': 'tuesday'}, {'start': {'hour': 0, 'min': 0}, 'end': {'hour': 0, 'min': 0}, 'day_of_week': 'wednesday'}, {'start': {'hour': 0, 'min': 0}, 'end': {'hour': 0, 'min': 0}, 'day_of_week': 'thursday'}, {'start': {'hour': 0, 'min': 0}, 'end': {'hour': 0, 'min': 0}, 'day_of_week': 'friday'}]",6140a4235c49bb986631011b,isfahan-city,612b815e2d28e7b40b49aeb8,هتل,Hotel,"[32.6668552, 51.67102]",3.2,5,"{'1': 0, '2': 1, '3': 2, '4': 2, '5': 0}"
616c274b4a4586d1761e61ba,هتل جمشید,jamshid-hotel-isfahan,"[{'start': {'hour': 0, 'min': 0}, 'end': {'hour': 0, 'min': 0}, 'day_of_week': 'saturday'}, {'start': {'hour': 0, 'min': 0}, 'end': {'hour': 0, 'min': 0}, 'day_of_week': 'sunday'}, {'start': {'hour': 0, 'min': 0}, 'end': {'hour': 0, 'min': 0}, 'day_of_week': 'monday'}, {'start': {'hour': 0, 'min': 0}, 'end': {'hour': 0, 'min': 0}, 'day_of_week': 'tuesday'}, {'start': {'hour': 0, 'min': 0}, 'end': {'hour': 0, 'min': 0}, 'day_of_week': 'wednesday'}, {'start': {'hour': 0, 'min': 0}, 'end': {'hour': 0, 'min': 0}, 'day_of_week': 'thursday'}, {'start': {'hour': 0, 'min': 0}, 'end': {'hour': 0, 'min': 0}, 'day_of_week': 'friday'}]",6140a4235c49bb986631011b,isfahan-city,612b815e2d28e7b40b49aeb8,هتل,Hotel,"[32.6610219, 51.6694979]",3.25,4,"{'1': 1, '2': 0, '3': 1, '4': 1, '5': 1}"
6186777a02df4a83f173df04,هتل سنتی ابن سینا,ibne-sina-hotel-in-isfahan,"[{'start': {'hour': 0, 'min': 0}, 'end': {'hour': 0, 'min': 0}, 'day_of_week': 'saturday'}, {'start': {'hour': 0, 'min': 0}, 'end': {'hour': 0, 'min': 0}, 'day_of_week': 'sunday'}, {'start': {'hour': 0, 'min': 0}, 'end': {'hour': 0, 'min': 0}, 'day_of_week': 'monday'}, {'start': {'hour': 0, 'min': 0}, 'end': {'hour': 0, 'min': 0}, 'day_of_week': 'tuesday'}, {'start': {'hour': 0, 'min': 0}, 'end': {'hour': 0, 'min': 0}, 'day_of_week': 'wednesday'}, {'start': {'hour': 0, 'min': 0}, 'end': {'hour': 0, 'min': 0}, 'day_of_week': 'thursday'}, {'start': {'hour': 0, 'min': 0}, 'end': {'hour': 0, 'min': 0}, 'day_of_week': 'friday'}]",6140a4235c49bb986631011b,isfahan-city,612b815e2d28e7b40b49aeb8,هتل,Hotel,"[32.6724793, 51.6841776]",2.6666666666666665,3,"{'1': 1, '2': 0, '3': 1, '4': 1, '5': 0}"
61867a954842be2b574e167e,هتل کویری بالی,bali-hotel-desert,"[{'start': {'hour': 0, 'min': 0}, 'end': {'hour': 0, 'min': 0}, 'day_of_week': 'saturday'}, {'start': {'hour': 0, 'min': 0}, 'end': {'hour': 0, 'min': 0}, 'day_of_week': 'sunday'}, {'start': {'hour': 0, 'min': 0}, 'end': {'hour': 0, 'min': 0}, 'day_of_week': 'monday'}, {'start': {'hour': 0, 'min': 0}, 'end': {'hour': 0, 'min': 0}, 'day_of_week': 'tuesday'}, {'start': {'hour': 0, 'min': 0}, 'end': {'hour': 0, 'min': 0}, 'day_of_week': 'wednesday'}, {'start': {'hour': 0, 'min': 0}, 'end': {'hour': 0, 'min': 0}, 'day_of_week': 'thursday'}, {'start': {'hour': 0, 'min': 0}, 'end': {'hour': 0, 'min': 0}, 'day_of_week': 'friday'}]",6140a4235c49bb986631011b,isfahan-city,612b815e2d28e7b40b49aeb8,هتل,Hotel,"[33.766505, 55.0828687]",4.0,8,"{'1': 1, '2': 0, '3': 1, '4': 2, '5': 4}"
61867b9666608a44d76e6db3,هتل هشت بهشت,hasht-behesht-hotel-in-isfahan,"[{'start': {'hour': 0, 'min': 0}, 'end': {'hour': 0, 'min': 0}, 'day_of_week': 'saturday'}, {'start': {'hour': 0, 'min': 0}, 'end': {'hour': 0, 'min': 0}, 'day_of_week': 'sunday'}, {'start': {'hour': 0, 'min': 0}, 'end': {'hour': 0, 'min': 0}, 'day_of_week': 'monday'}, {'start': {'hour': 0, 'min': 0}, 'end': {'hour': 0, 'min': 0}, 'day_of_week': 'tuesday'}, {'start': {'hour': 0, 'min': 0}, 'end': {'hour': 0, 'min': 0}, 'day_of_week': 'wednesday'}, {'start': {'hour': 0, 'min': 0}, 'end': {'hour': 0, 'min': 0}, 'day_of_week': 'thursday'}, {'start': {'hour': 0, 'min': 0}, 'end': {'hour': 0, 'min': 0}, 'day_of_week': 'friday'}]",6140a4235c49bb986631011b,isfahan-city,612b815e2d28e7b40b49aeb8,هتل,Hotel,"[32.6522251, 51.6757202]",4.833333333333333,6,"{'1': 0, '2': 0, '3': 0, '4': 1, '5': 5}"
618e6adb38f6840fcb52827f,هتل سنتی کریاس,keryas-traditional-hotel-in-isfahan,"[{'start': {'hour': 0, 'min': 0}, 'end': {'hour': 0, 'min': 0}, 'day_of_week': 'saturday'}, {'start': {'hour': 0, 'min': 0}, 'end': {'hour': 0, 'min': 0}, 'day_of_week': 'sunday'}, {'start': {'hour': 0, 'min': 0}, 'end': {'hour': 0, 'min': 0}, 'day_of_week': 'monday'}, {'start': {'hour': 0, 'min': 0}, 'end': {'hour': 0, 'min': 0}, 'day_of_week': 'tuesday'}, {'start': {'hour': 0, 'min': 0}, 'end': {'hour': 0, 'min': 0}, 'day_of_week': 'wednesday'}, {'start': {'hour': 0, 'min': 0}, 'end': {'hour': 0, 'min': 0}, 'day_of_week': 'thursday'}, {'start': {'hour': 0, 'min': 0}, 'end': {'hour': 0, 'min': 0}, 'day_of_week': 'friday'}]",6140a4235c49bb986631011b,isfahan-city,612b815e2d28e7b40b49aeb8,هتل,Hotel,"[32.6544767, 51.6751385]",5.0,7,"{'1': 0, '2': 0, '3': 0, '4': 0, '5': 7}"
618e6b37a0bffa4dff3f2cea,هتل آپارتمان خاتون,khatoon-apartment-hotel-in-isfahan,"[{'start': {'hour': 0, 'min': 0}, 'end': {'hour': 0, 'min': 0}, 'day_of_week': 'saturday'}, {'start': {'hour': 0, 'min': 0}, 'end': {'hour': 0, 'min': 0}, 'day_of_week': 'sunday'}, {'start': {'hour': 0, 'min': 0}, 'end': {'hour': 0, 'min': 0}, 'day_of_week': 'monday'}, {'start': {'hour': 0, 'min': 0}, 'end': {'hour': 0, 'min': 0}, 'day_of_week': 'tuesday'}, {'start': {'hour': 0, 'min': 0}, 'end': {'hour': 0, 'min': 0}, 'day_of_week': 'wednesday'}, {'start': {'hour': 0, 'min': 0}, 'end': {'hour': 0, 'min': 0}, 'day_of_week': 'thursday'}, {'start': {'hour': 0, 'min': 0}, 'end': {'hour': 0, 'min': 0}, 'day_of_week': 'friday'}]",6140a4235c49bb986631011b,isfahan-city,612b815e2d28e7b40b49aeb8,هتل,Hotel,"[32.6508431, 51.6663692]",4.5,6,"{'1': 0, '2': 0, '3': 0, '4': 3, '5': 3}"
6190aa0c38f6840fcb52829f,هتل آپارتمان حکیم,hakim-apartment-hotel-in-isfhan,"[{'start': {'hour': 0, 'min': 0}, 'end': {'hour': 0, 'min': 0}, 'day_of_week': 'saturday'}, {'start': {'hour': 0, 'min': 0}, 'end': {'hour': 0, 'min': 0}, 'day_of_week': 'sunday'}, {'start': {'hour': 0, 'min': 0}, 'end': {'hour': 0, 'min': 0}, 'day_of_week': 'monday'}, {'start': {'hour': 0, 'min': 0}, 'end': {'hour': 0, 'min': 0}, 'day_of_week': 'tuesday'}, {'start': {'hour': 0, 'min': 0}, 'end': {'hour': 0, 'min': 0}, 'day_of_week': 'wednesday'}, {'start': {'hour': 0, 'min': 0}, 'end': {'hour': 0, 'min': 0}, 'day_of_week': 'thursday'}, {'start': {'hour': 0, 'min': 0}, 'end': {'hour': 0, 'min': 0}, 'day_of_week': 'friday'}]",6140a4235c49bb986631011b,isfahan-city,612b815e2d28e7b40b49aeb8,هتل,Hotel,"[32.6648965, 51.6735517]",4.0,6,"{'1': 1, '2': 0, '3': 0, '4': 2, '5': 3}"
629222498b959735930a65a1,هتل سنتی سهرودی,sohrevardi-boutique-hotel-isfahan,"[{'start': {'hour': 0, 'min': 0}, 'end': {'hour': 0, 'min': 0}, 'day_of_week': 'saturday'}, {'start': {'hour': 0, 'min': 0}, 'end': {'hour': 0, 'min': 0}, 'day_of_week': 'sunday'}, {'start': {'hour': 0, 'min': 0}, 'end': {'hour': 0, 'min': 0}, 'day_of_week': 'monday'}, {'start': {'hour': 0, 'min': 0}, 'end': {'hour': 0, 'min': 0}, 'day_of_week': 'tuesday'}, {'start': {'hour': 0, 'min': 0}, 'end': {'hour': 0, 'min': 0}, 'day_of_week': 'wednesday'}, {'start': {'hour': 0, 'min': 0}, 'end': {'hour': 0, 'min': 0}, 'day_of_week': 'thursday'}, {'start': {'hour': 0, 'min': 0}, 'end': {'hour': 0, 'min': 0}, 'day_of_week': 'friday'}]",6140a4235c49bb986631011b,isfahan-city,612b815e2d28e7b40b49aeb8,هتل,Hotel,"[32.6639827, 51.6898664]",4.0,1,"{'1': 0, '2': 0, '3': 0, '4': 1, '5': 0}"
6294b1df8b959735930a65dd,مهمانپذیر پاوا,pava-hostel-isfahan,"[{'start': {'hour': 8, 'min': 0}, 'end': {'hour': 0, 'min': 0}, 'day_of_week': 'saturday'}, {'start': {'hour': 8, 'min': 0}, 'end': {'hour': 0, 'min': 0}, 'day_of_week': 'sunday'}, {'start': {'hour': 8, 'min': 0}, 'end': {'hour': 0, 'min': 0}, 'day_of_week': 'monday'}, {'start': {'hour': 8, 'min': 0}, 'end': {'hour': 0, 'min': 0}, 'day_of_week': 'tuesday'}, {'start': {'hour': 8, 'min': 0}, 'end': {'hour': 0, 'min': 0}, 'day_of_week': 'wednesday'}, {'start': {'hour': 8, 'min': 0}, 'end': {'hour': 0, 'min': 0}, 'day_of_week': 'thursday'}, {'start': {'hour': 8, 'min': 0}, 'end': {'hour': 0, 'min': 0}, 'day_of_week': 'friday'}]",6140a4235c49bb986631011b,isfahan-city,612b815e2d28e7b40b49aeb8,هتل,Hotel,"[32.6483392, 51.6997628]",4.0,1,"{'1': 0, '2': 0, '3': 0, '4': 1, '5': 0}"
62de92df694089d256b21d50,هتل پارسیان سوئیت,parsian-suite-hotel-isfahan,"[{'start': {'hour': 0, 'min': 0}, 'end': {'hour': 0, 'min': 0}, 'day_of_week': 'saturday'}, {'start': {'hour': 0, 'min': 0}, 'end': {'hour': 0, 'min': 0}, 'day_of_week': 'sunday'}, {'start': {'hour': 0, 'min': 0}, 'end': {'hour': 0, 'min': 0}, 'day_of_week': 'monday'}, {'start': {'hour': 0, 'min': 0}, 'end': {'hour': 0, 'min': 0}, 'day_of_week': 'tuesday'}, {'start': {'hour': 0, 'min': 0}, 'end': {'hour': 0, 'min': 0}, 'day_of_week': 'wednesday'}, {'start': {'hour': 0, 'min': 0}, 'end': {'hour': 0, 'min': 0}, 'day_of_week': 'thursday'}, {'start': {'hour': 0, 'min': 0}, 'end': {'hour': 0, 'min': 0}, 'day_of_week': 'friday'}]",6140a4235c49bb986631011b,isfahan-city,612b815e2d28e7b40b49aeb8,هتل,Hotel,"[32.6422454, 51.6676141]",4.25,4,"{'1': 0, '2': 1, '3': 0, '4': 0, '5': 3}"
62ee61dec032471a2060a879,هتل پیروزی,piroozi-hotel-isfahan,"[{'start': {'hour': 0, 'min': 0}, 'end': {'hour': 0, 'min': 0}, 'day_of_week': 'saturday'}, {'start': {'hour': 0, 'min': 0}, 'end': {'hour': 0, 'min': 0}, 'day_of_week': 'sunday'}, {'start': {'hour': 0, 'min': 0}, 'end': {'hour': 0, 'min': 0}, 'day_of_week': 'monday'}, {'start': {'hour': 0, 'min': 0}, 'end': {'hour': 0, 'min': 0}, 'day_of_week': 'tuesday'}, {'start': {'hour': 0, 'min': 0}, 'end': {'hour': 0, 'min': 0}, 'day_of_week': 'wednesday'}, {'start': {'hour': 0, 'min': 0}, 'end': {'hour': 0, 'min': 0}, 'day_of_week': 'thursday'}, {'start': {'hour': 0, 'min': 0}, 'end': {'hour': 0, 'min': 0}, 'day_of_week': 'friday'}]",6140a4235c49bb986631011b,isfahan-city,612b815e2d28e7b40b49aeb8,هتل,Hotel,"[32.6593453, 51.6690831]",3.6,5,"{'1': 1, '2': 0, '3': 1, '4': 1, '5': 2}"
62f2546e694089d256b21f5c,مهمانپذیر رگ راگ,rag-rug-hustle-isfahan,"[{'start': {'hour': 0, 'min': 0}, 'end': {'hour': 0, 'min': 0}, 'day_of_week': 'saturday'}, {'start': {'hour': 0, 'min': 0}, 'end': {'hour': 0, 'min': 0}, 'day_of_week': 'sunday'}, {'start': {'hour': 0, 'min': 0}, 'end': {'hour': 0, 'min': 0}, 'day_of_week': 'monday'}, {'start': {'hour': 0, 'min': 0}, 'end': {'hour': 0, 'min': 0}, 'day_of_week': 'tuesday'}, {'start': {'hour': 0, 'min': 0}, 'end': {'hour': 0, 'min': 0}, 'day_of_week': 'wednesday'}, {'start': {'hour': 0, 'min': 0}, 'end': {'hour': 0, 'min': 0}, 'day_of_week': 'thursday'}, {'start': {'hour': 0, 'min': 0}, 'end': {'hour': 0, 'min': 0}, 'day_of_week': 'friday'}]",6140a4235c49bb986631011b,isfahan-city,612b815e2d28e7b40b49aeb8,هتل,Hotel,"[32.6711307, 51.7172018]",0.0,0,"{'1': 0, '2': 0, '3': 0, '4': 0, '5': 0}"
62f25608694089d256b21f5f,هتل پارسیان عالی قاپو,parsian-ali-qapu-hotel-isfahan,"[{'start': {'hour': 0, 'min': 0}, 'end': {'hour': 0, 'min': 0}, 'day_of_week': 'saturday'}, {'start': {'hour': 0, 'min': 0}, 'end': {'hour': 0, 'min': 0}, 'day_of_week': 'sunday'}, {'start': {'hour': 0, 'min': 0}, 'end': {'hour': 0, 'min': 0}, 'day_of_week': 'monday'}, {'start': {'hour': 0, 'min': 0}, 'end': {'hour': 0, 'min': 0}, 'day_of_week': 'tuesday'}, {'start': {'hour': 0, 'min': 0}, 'end': {'hour': 0, 'min': 0}, 'day_of_week': 'wednesday'}, {'start': {'hour': 0, 'min': 0}, 'end': {'hour': 0, 'min': 0}, 'day_of_week': 'thursday'}, {'start': {'hour': 0, 'min': 0}, 'end': {'hour': 0, 'min': 0}, 'day_of_week': 'friday'}]",6140a4235c49bb986631011b,isfahan-city,612b815e2d28e7b40b49aeb8,هتل,Hotel,"[32.6493969, 51.6676683]",0.0,0,"{'1': 0, '2': 0, '3': 0, '4': 0, '5': 0}"
62f257334b5821950e05ddfc,هتل خواجو,khajoo-hotel-isfahan,"[{'start': {'hour': 0, 'min': 0}, 'end': {'hour': 0, 'min': 0}, 'day_of_week': 'saturday'}, {'start': {'hour': 0, 'min': 0}, 'end': {'hour': 0, 'min': 0}, 'day_of_week': 'sunday'}, {'start': {'hour': 0, 'min': 0}, 'end': {'hour': 0, 'min': 0}, 'day_of_week': 'monday'}, {'start': {'hour': 0, 'min': 0}, 'end': {'hour': 0, 'min': 0}, 'day_of_week': 'tuesday'}, {'start': {'hour': 0, 'min': 0}, 'end': {'hour': 0, 'min': 0}, 'day_of_week': 'wednesday'}, {'start': {'hour': 0, 'min': 0}, 'end': {'hour': 0, 'min': 0}, 'day_of_week': 'thursday'}, {'start': {'hour': 0, 'min': 0}, 'end': {'hour': 0, 'min': 0}, 'day_of_week': 'friday'}]",6140a4235c49bb986631011b,isfahan-city,612b815e2d28e7b40b49aeb8,هتل,Hotel,"[32.6419008, 51.6864957]",0.0,0,"{'1': 0, '2': 0, '3': 0, '4': 0, '5': 0}"
62f259a94b5821950e05de02,هتل گل نرگس,golenarges-hotel-gorgan,"[{'start': {'hour': 0, 'min': 0}, 'end': {'hour': 0, 'min': 0}, 'day_of_week': 'saturday'}, {'start': {'hour': 0, 'min': 0}, 'end': {'hour': 0, 'min': 0}, 'day_of_week': 'sunday'}, {'start': {'hour': 0, 'min': 0}, 'end': {'hour': 0, 'min': 0}, 'day_of_week': 'monday'}, {'start': {'hour': 0, 'min': 0}, 'end': {'hour': 0, 'min': 0}, 'day_of_week': 'tuesday'}, {'start': {'hour': 0, 'min': 0}, 'end': {'hour': 0, 'min': 0}, 'day_of_week': 'wednesday'}, {'start': {'hour': 0, 'min': 0}, 'end': {'hour': 0, 'min': 0}, 'day_of_week': 'thursday'}, {'start': {'hour': 0, 'min': 0}, 'end': {'hour': 0, 'min': 0}, 'day_of_week': 'friday'}]",6140a4235c49bb986631011b,isfahan-city,612b815e2d28e7b40b49aeb8,هتل,Hotel,"[36.8329469, 54.4580658]",0.0,0,"{'1': 0, '2': 0, '3': 0, '4': 0, '5': 0}"
62f345fa4b5821950e05de06,بوتیک هتل سهروردی,sohrevardi-hotel-esfahan,"[{'start': {'hour': 0, 'min': 0}, 'end': {'hour': 0, 'min': 0}, 'day_of_week': 'saturday'}, {'start': {'hour': 0, 'min': 0}, 'end': {'hour': 0, 'min': 0}, 'day_of_week': 'sunday'}, {'start': {'hour': 0, 'min': 0}, 'end': {'hour': 0, 'min': 0}, 'day_of_week': 'monday'}, {'start': {'hour': 0, 'min': 0}, 'end': {'hour': 0, 'min': 0}, 'day_of_week': 'tuesday'}, {'start': {'hour': 0, 'min': 0}, 'end': {'hour': 0, 'min': 0}, 'day_of_week': 'wednesday'}, {'start': {'hour': 0, 'min': 0}, 'end': {'hour': 0, 'min': 0}, 'day_of_week': 'thursday'}, {'start': {'hour': 0, 'min': 0}, 'end': {'hour': 0, 'min': 0}, 'day_of_week': 'friday'}]",6140a4235c49bb986631011b,isfahan-city,612b815e2d28e7b40b49aeb8,هتل,Hotel,"[32.6639875, 51.6635922]",4.666666666666667,3,"{'1': 0, '2': 0, '3': 0, '4': 1, '5': 2}"
62f37a7d694089d256b21f80,هتل پارسیان کوثر اصفهان,parsian-kosar-hotel-isfahan,"[{'start': {'hour': 0, 'min': 0}, 'end': {'hour': 0, 'min': 0}, 'day_of_week': 'saturday'}, {'start': {'hour': 0, 'min': 0}, 'end': {'hour': 0, 'min': 0}, 'day_of_week': 'sunday'}, {'start': {'hour': 0, 'min': 0}, 'end': {'hour': 0, 'min': 0}, 'day_of_week': 'monday'}, {'start': {'hour': 0, 'min': 0}, 'end': {'hour': 0, 'min': 0}, 'day_of_week': 'tuesday'}, {'start': {'hour': 0, 'min': 0}, 'end': {'hour': 0, 'min': 0}, 'day_of_week': 'wednesday'}, {'start': {'hour': 0, 'min': 0}, 'end': {'hour': 0, 'min': 0}, 'day_of_week': 'thursday'}, {'start': {'hour': 0, 'min': 0}, 'end': {'hour': 0, 'min': 0}, 'day_of_week': 'friday'}]",6140a4235c49bb986631011b,isfahan-city,612b815e2d28e7b40b49aeb8,هتل,Hotel,"[32.6419272, 51.6654196]",3.4545454545454546,11,"{'1': 3, '2': 0, '3': 2, '4': 1, '5': 5}"
62fb8aa74b5821950e05df5a,هتل سفیر,safir-hotel-isfahan,"[{'start': {'hour': 0, 'min': 0}, 'end': {'hour': 0, 'min': 0}, 'day_of_week': 'saturday'}, {'start': {'hour': 0, 'min': 0}, 'end': {'hour': 0, 'min': 0}, 'day_of_week': 'sunday'}, {'start': {'hour': 0, 'min': 0}, 'end': {'hour': 0, 'min': 0}, 'day_of_week': 'monday'}, {'start': {'hour': 0, 'min': 0}, 'end': {'hour': 0, 'min': 0}, 'day_of_week': 'tuesday'}, {'start': {'hour': 0, 'min': 0}, 'end': {'hour': 0, 'min': 0}, 'day_of_week': 'wednesday'}, {'start': {'hour': 0, 'min': 0}, 'end': {'hour': 0, 'min': 0}, 'day_of_week': 'thursday'}, {'start': {'hour': 0, 'min': 0}, 'end': {'hour': 0, 'min': 0}, 'day_of_week': 'friday'}]",6140a4235c49bb986631011b,isfahan-city,612b815e2d28e7b40b49aeb8,هتل,Hotel,"[32.6507211, 51.6710615]",2.3333333333333335,6,"{'1': 3, '2': 1, '3': 0, '4': 1, '5': 1}"
62fb8c864b5821950e05df5b,هتل آسمان,aseman-hotel-isfahan,"[{'start': {'hour': 0, 'min': 0}, 'end': {'hour': 0, 'min': 0}, 'day_of_week': 'saturday'}, {'start': {'hour': 0, 'min': 0}, 'end': {'hour': 0, 'min': 0}, 'day_of_week': 'sunday'}, {'start': {'hour': 0, 'min': 0}, 'end': {'hour': 0, 'min': 0}, 'day_of_week': 'monday'}, {'start': {'hour': 0, 'min': 0}, 'end': {'hour': 0, 'min': 0}, 'day_of_week': 'tuesday'}, {'start': {'hour': 0, 'min': 0}, 'end': {'hour': 0, 'min': 0}, 'day_of_week': 'wednesday'}, {'start': {'hour': 0, 'min': 0}, 'end': {'hour': 0, 'min': 0}, 'day_of_week': 'thursday'}, {'start': {'hour': 0, 'min': 0}, 'end': {'hour': 0, 'min': 0}, 'day_of_week': 'friday'}]",6140a4235c49bb986631011b,isfahan-city,612b815e2d28e7b40b49aeb8,هتل,Hotel,"[32.6452814, 51.6526838]",3.6666666666666665,3,"{'1': 1, '2': 0, '3': 0, '4': 0, '5': 2}"
62fb8e634b5821950e05df5d,هتل زهره,zohreh-hotel-isfahan,"[{'start': {'hour': 0, 'min': 0}, 'end': {'hour': 0, 'min': 0}, 'day_of_week': 'saturday'}, {'start': {'hour': 0, 'min': 0}, 'end': {'hour': 0, 'min': 0}, 'day_of_week': 'sunday'}, {'start': {'hour': 0, 'min': 0}, 'end': {'hour': 0, 'min': 0}, 'day_of_week': 'monday'}, {'start': {'hour': 0, 'min': 0}, 'end': {'hour': 0, 'min': 0}, 'day_of_week': 'tuesday'}, {'start': {'hour': 0, 'min': 0}, 'end': {'hour': 0, 'min': 0}, 'day_of_week': 'wednesday'}, {'start': {'hour': 0, 'min': 0}, 'end': {'hour': 0, 'min': 0}, 'day_of_week': 'thursday'}, {'start': {'hour': 0, 'min': 0}, 'end': {'hour': 0, 'min': 0}, 'day_of_week': 'friday'}]",6140a4235c49bb986631011b,isfahan-city,612b815e2d28e7b40b49aeb8,هتل,Hotel,"[32.6460168, 51.6761488]",3.962962962962963,27,"{'1': 6, '2': 1, '3': 0, '4': 1, '5': 19}"
62fbaf3b4b5821950e05df63,هتل پارتیکان,partikan-hotel-isfahan,"[{'start': {'hour': 0, 'min': 0}, 'end': {'hour': 0, 'min': 0}, 'day_of_week': 'saturday'}, {'start': {'hour': 0, 'min': 0}, 'end': {'hour': 0, 'min': 0}, 'day_of_week': 'sunday'}, {'start': {'hour': 0, 'min': 0}, 'end': {'hour': 0, 'min': 0}, 'day_of_week': 'monday'}, {'start': {'hour': 0, 'min': 0}, 'end': {'hour': 0, 'min': 0}, 'day_of_week': 'tuesday'}, {'start': {'hour': 0, 'min': 0}, 'end': {'hour': 0, 'min': 0}, 'day_of_week': 'wednesday'}, {'start': {'hour': 0, 'min': 0}, 'end': {'hour': 0, 'min': 0}, 'day_of_week': 'thursday'}, {'start': {'hour': 0, 'min': 0}, 'end': {'hour': 0, 'min': 0}, 'day_of_week': 'friday'}]",6140a4235c49bb986631011b,isfahan-city,612b815e2d28e7b40b49aeb8,هتل,Hotel,"[32.6564043, 51.6764878]",4.1,10,"{'1': 1, '2': 1, '3': 0, '4': 2, '5': 6}"
6300cb82c032471a2060ab7d,هتل ونوس,venus-hotel-isfahan,"[{'start': {'hour': 0, 'min': 0}, 'end': {'hour': 0, 'min': 0}, 'day_of_week': 'saturday'}, {'start': {'hour': 0, 'min': 0}, 'end': {'hour': 0, 'min': 0}, 'day_of_week': 'sunday'}, {'start': {'hour': 0, 'min': 0}, 'end': {'hour': 0, 'min': 0}, 'day_of_week': 'monday'}, {'start': {'hour': 0, 'min': 0}, 'end': {'hour': 0, 'min': 0}, 'day_of_week': 'tuesday'}, {'start': {'hour': 0, 'min': 0}, 'end': {'hour': 0, 'min': 0}, 'day_of_week': 'wednesday'}, {'start': {'hour': 0, 'min': 0}, 'end': {'hour': 0, 'min': 0}, 'day_of_week': 'thursday'}, {'start': {'hour': 0, 'min': 0}, 'end': {'hour': 0, 'min': 0}, 'day_of_week': 'friday'}]",6140a4235c49bb986631011b,isfahan-city,612b815e2d28e7b40b49aeb8,هتل,Hotel,"[32.6509203, 51.6737734]",0.0,0,"{'1': 0, '2': 0, '3': 0, '4': 0, '5': 0}"
6300cd964b5821950e05e036,هتل آزادی,azadi-hotel-isfahan,"[{'start': {'hour': 0, 'min': 0}, 'end': {'hour': 0, 'min': 0}, 'day_of_week': 'saturday'}, {'start': {'hour': 0, 'min': 0}, 'end': {'hour': 0, 'min': 0}, 'day_of_week': 'sunday'}, {'start': {'hour': 0, 'min': 0}, 'end': {'hour': 0, 'min': 0}, 'day_of_week': 'monday'}, {'start': {'hour': 0, 'min': 0}, 'end': {'hour': 0, 'min': 0}, 'day_of_week': 'tuesday'}, {'start': {'hour': 0, 'min': 0}, 'end': {'hour': 0, 'min': 0}, 'day_of_week': 'wednesday'}, {'start': {'hour': 0, 'min': 0}, 'end': {'hour': 0, 'min': 0}, 'day_of_week': 'thursday'}, {'start': {'hour': 0, 'min': 0}, 'end': {'hour': 0, 'min': 0}, 'day_of_week': 'friday'}]",6140a4235c49bb986631011b,isfahan-city,612b815e2d28e7b40b49aeb8,هتل,Hotel,"[32.665281, 51.668715]",0.0,0,"{'1': 0, '2': 0, '3': 0, '4': 0, '5': 0}"
6301ba024b5821950e05e05c,هتل ملک,malek-hotel-isfahan,"[{'start': {'hour': 0, 'min': 0}, 'end': {'hour': 0, 'min': 0}, 'day_of_week': 'saturday'}, {'start': {'hour': 0, 'min': 0}, 'end': {'hour': 0, 'min': 0}, 'day_of_week': 'sunday'}, {'start': {'hour': 0, 'min': 0}, 'end': {'hour': 0, 'min': 0}, 'day_of_week': 'monday'}, {'start': {'hour': 0, 'min': 0}, 'end': {'hour': 0, 'min': 0}, 'day_of_week': 'tuesday'}, {'start': {'hour': 0, 'min': 0}, 'end': {'hour': 0, 'min': 0}, 'day_of_week': 'wednesday'}, {'start': {'hour': 0, 'min': 0}, 'end': {'hour': 0, 'min': 0}, 'day_of_week': 'thursday'}, {'start': {'hour': 0, 'min': 0}, 'end': {'hour': 0, 'min': 0}, 'day_of_week': 'friday'}]",6140a4235c49bb986631011b,isfahan-city,612b815e2d28e7b40b49aeb8,هتل,Hotel,"[32.6530439, 51.6861829]",3.875,16,"{'1': 4, '2': 0, '3': 1, '4': 0, '5': 11}"
6301bd12c032471a2060aba2,هتل ملل,melal-hotel-isfahan,"[{'start': {'hour': 0, 'min': 0}, 'end': {'hour': 0, 'min': 0}, 'day_of_week': 'saturday'}, {'start': {'hour': 0, 'min': 0}, 'end': {'hour': 0, 'min': 0}, 'day_of_week': 'sunday'}, {'start': {'hour': 0, 'min': 0}, 'end': {'hour': 0, 'min': 0}, 'day_of_week': 'monday'}, {'start': {'hour': 0, 'min': 0}, 'end': {'hour': 0, 'min': 0}, 'day_of_week': 'tuesday'}, {'start': {'hour': 0, 'min': 0}, 'end': {'hour': 0, 'min': 0}, 'day_of_week': 'wednesday'}, {'start': {'hour': 0, 'min': 0}, 'end': {'hour': 0, 'min': 0}, 'day_of_week': 'thursday'}, {'start': {'hour': 0, 'min': 0}, 'end': {'hour': 0, 'min': 0}, 'day_of_week': 'friday'}]",6140a4235c49bb986631011b,isfahan-city,612b815e2d28e7b40b49aeb8,هتل,Hotel,"[32.649757, 51.6731757]",0.0,0,"{'1': 0, '2': 0, '3': 0, '4': 0, '5': 0}"
6301d9684b5821950e05e06b,هتل آوین,avin-hotel-isfahan,"[{'start': {'hour': 0, 'min': 0}, 'end': {'hour': 0, 'min': 0}, 'day_of_week': 'saturday'}, {'start': {'hour': 0, 'min': 0}, 'end': {'hour': 0, 'min': 0}, 'day_of_week': 'sunday'}, {'start': {'hour': 0, 'min': 0}, 'end': {'hour': 0, 'min': 0}, 'day_of_week': 'monday'}, {'start': {'hour': 0, 'min': 0}, 'end': {'hour': 0, 'min': 0}, 'day_of_week': 'tuesday'}, {'start': {'hour': 0, 'min': 0}, 'end': {'hour': 0, 'min': 0}, 'day_of_week': 'wednesday'}, {'start': {'hour': 0, 'min': 0}, 'end': {'hour': 0, 'min': 0}, 'day_of_week': 'thursday'}, {'start': {'hour': 0, 'min': 0}, 'end': {'hour': 0, 'min': 0}, 'day_of_week': 'friday'}]",6140a4235c49bb986631011b,isfahan-city,612b815e2d28e7b40b49aeb8,هتل,Hotel,"[32.6619601, 51.6877657]",0.0,0,"{'1': 0, '2': 0, '3': 0, '4': 0, '5': 0}"
63023445c032471a2060abd1,هتل عباسی,abbasi-hotel-isfahan,"[{'start': {'hour': 0, 'min': 0}, 'end': {'hour': 0, 'min': 0}, 'day_of_week': 'saturday'}, {'start': {'hour': 0, 'min': 0}, 'end': {'hour': 0, 'min': 0}, 'day_of_week': 'sunday'}, {'start': {'hour': 0, 'min': 0}, 'end': {'hour': 0, 'min': 0}, 'day_of_week': 'monday'}, {'start': {'hour': 0, 'min': 0}, 'end': {'hour': 0, 'min': 0}, 'day_of_week': 'tuesday'}, {'start': {'hour': 0, 'min': 0}, 'end': {'hour': 0, 'min': 0}, 'day_of_week': 'wednesday'}, {'start': {'hour': 0, 'min': 0}, 'end': {'hour': 0, 'min': 0}, 'day_of_week': 'thursday'}, {'start': {'hour': 0, 'min': 0}, 'end': {'hour': 0, 'min': 0}, 'day_of_week': 'friday'}]",6140a4235c49bb986631011b,isfahan-city,612b815e2d28e7b40b49aeb8,هتل,Hotel,"[32.6520634, 51.6708736]",3.7333333333333334,30,"{'1': 6, '2': 1, '3': 3, '4': 5, '5': 15}"
6305cfa0c032471a2060ac9a,هتل سنتی,sonati-hotel-isfahan,"[{'start': {'hour': 0, 'min': 0}, 'end': {'hour': 0, 'min': 0}, 'day_of_week': 'saturday'}, {'start': {'hour': 0, 'min': 0}, 'end': {'hour': 0, 'min': 0}, 'day_of_week': 'sunday'}, {'start': {'hour': 0, 'min': 0}, 'end': {'hour': 0, 'min': 0}, 'day_of_week': 'monday'}, {'start': {'hour': 0, 'min': 0}, 'end': {'hour': 0, 'min': 0}, 'day_of_week': 'tuesday'}, {'start': {'hour': 0, 'min': 0}, 'end': {'hour': 0, 'min': 0}, 'day_of_week': 'wednesday'}, {'start': {'hour': 0, 'min': 0}, 'end': {'hour': 0, 'min': 0}, 'day_of_week': 'thursday'}, {'start': {'hour': 0, 'min': 0}, 'end': {'hour': 0, 'min': 0}, 'day_of_week': 'friday'}]",6140a4235c49bb986631011b,isfahan-city,612b815e2d28e7b40b49aeb8,هتل,Hotel,"[32.6695985, 51.6790925]",0.0,0,"{'1': 0, '2': 0, '3': 0, '4': 0, '5': 0}"
6309c0b5c032471a2060ad03, هتل جلفا,hotel-julfa-isfahan,"[{'start': {'hour': 0, 'min': 0}, 'end': {'hour': 0, 'min': 0}, 'day_of_week': 'saturday'}, {'start': {'hour': 0, 'min': 0}, 'end': {'hour': 0, 'min': 0}, 'day_of_week': 'sunday'}, {'start': {'hour': 0, 'min': 0}, 'end': {'hour': 0, 'min': 0}, 'day_of_week': 'monday'}, {'start': {'hour': 0, 'min': 0}, 'end': {'hour': 0, 'min': 0}, 'day_of_week': 'tuesday'}, {'start': {'hour': 0, 'min': 0}, 'end': {'hour': 0, 'min': 0}, 'day_of_week': 'wednesday'}, {'start': {'hour': 0, 'min': 0}, 'end': {'hour': 0, 'min': 0}, 'day_of_week': 'thursday'}, {'start': {'hour': 0, 'min': 0}, 'end': {'hour': 0, 'min': 0}, 'day_of_week': 'friday'}]",6140a4235c49bb986631011b,isfahan-city,612b815e2d28e7b40b49aeb8,هتل,Hotel,"[32.6341947, 51.6463125]",3.3333333333333335,3,"{'1': 1, '2': 0, '3': 0, '4': 1, '5': 1}"
6309d7fe694089d256b222eb,هتل ستاره,setare-hotel-isfahan,"[{'start': {'hour': 0, 'min': 0}, 'end': {'hour': 0, 'min': 0}, 'day_of_week': 'saturday'}, {'start': {'hour': 0, 'min': 0}, 'end': {'hour': 0, 'min': 0}, 'day_of_week': 'sunday'}, {'start': {'hour': 0, 'min': 0}, 'end': {'hour': 0, 'min': 0}, 'day_of_week': 'monday'}, {'start': {'hour': 0, 'min': 0}, 'end': {'hour': 0, 'min': 0}, 'day_of_week': 'tuesday'}, {'start': {'hour': 0, 'min': 0}, 'end': {'hour': 0, 'min': 0}, 'day_of_week': 'wednesday'}, {'start': {'hour': 0, 'min': 0}, 'end': {'hour': 0, 'min': 0}, 'day_of_week': 'thursday'}, {'start': {'hour': 0, 'min': 0}, 'end': {'hour': 0, 'min': 0}, 'day_of_week': 'friday'}]",6140a4235c49bb986631011b,isfahan-city,612b815e2d28e7b40b49aeb8,هتل,Hotel,"[32.6597542, 51.6799584]",4.909090909090909,11,"{'1': 0, '2': 0, '3': 0, '4': 1, '5': 10}"
6309def54b5821950e05e1b8,هتل جام فیروزه,jaam-firouzeh-hotel-isfahan,"[{'start': {'hour': 0, 'min': 0}, 'end': {'hour': 0, 'min': 0}, 'day_of_week': 'saturday'}, {'start': {'hour': 0, 'min': 0}, 'end': {'hour': 0, 'min': 0}, 'day_of_week': 'sunday'}, {'start': {'hour': 0, 'min': 0}, 'end': {'hour': 0, 'min': 0}, 'day_of_week': 'monday'}, {'start': {'hour': 0, 'min': 0}, 'end': {'hour': 0, 'min': 0}, 'day_of_week': 'tuesday'}, {'start': {'hour': 0, 'min': 0}, 'end': {'hour': 0, 'min': 0}, 'day_of_week': 'wednesday'}, {'start': {'hour': 0, 'min': 0}, 'end': {'hour': 0, 'min': 0}, 'day_of_week': 'thursday'}, {'start': {'hour': 0, 'min': 0}, 'end': {'hour': 0, 'min': 0}, 'day_of_week': 'friday'}]",6140a4235c49bb986631011b,isfahan-city,612b815e2d28e7b40b49aeb8,هتل,Hotel,"[32.6562676, 51.6767796]",4.25,4,"{'1': 0, '2': 0, '3': 1, '4': 1, '5': 2}"
6309f84b4b5821950e05e1c4,هتل پارت,part-hotel-isfahan,"[{'start': {'hour': 0, 'min': 0}, 'end': {'hour': 0, 'min': 0}, 'day_of_week': 'saturday'}, {'start': {'hour': 0, 'min': 0}, 'end': {'hour': 0, 'min': 0}, 'day_of_week': 'sunday'}, {'start': {'hour': 0, 'min': 0}, 'end': {'hour': 0, 'min': 0}, 'day_of_week': 'monday'}, {'start': {'hour': 0, 'min': 0}, 'end': {'hour': 0, 'min': 0}, 'day_of_week': 'tuesday'}, {'start': {'hour': 0, 'min': 0}, 'end': {'hour': 0, 'min': 0}, 'day_of_week': 'wednesday'}, {'start': {'hour': 0, 'min': 0}, 'end': {'hour': 0, 'min': 0}, 'day_of_week': 'thursday'}, {'start': {'hour': 0, 'min': 0}, 'end': {'hour': 0, 'min': 0}, 'day_of_week': 'friday'}]",6140a4235c49bb986631011b,isfahan-city,612b815e2d28e7b40b49aeb8,هتل,Hotel,"[32.6507984, 51.6661749]",3.1666666666666665,6,"{'1': 1, '2': 0, '3': 2, '4': 3, '5': 0}"
630a1aa8694089d256b2230e,هتل توریست,tourist-hotel-isfahan,"[{'start': {'hour': 0, 'min': 0}, 'end': {'hour': 0, 'min': 0}, 'day_of_week': 'saturday'}, {'start': {'hour': 0, 'min': 0}, 'end': {'hour': 0, 'min': 0}, 'day_of_week': 'sunday'}, {'start': {'hour': 0, 'min': 0}, 'end': {'hour': 0, 'min': 0}, 'day_of_week': 'monday'}, {'start': {'hour': 0, 'min': 0}, 'end': {'hour': 0, 'min': 0}, 'day_of_week': 'tuesday'}, {'start': {'hour': 0, 'min': 0}, 'end': {'hour': 0, 'min': 0}, 'day_of_week': 'wednesday'}, {'start': {'hour': 0, 'min': 0}, 'end': {'hour': 0, 'min': 0}, 'day_of_week': 'thursday'}, {'start': {'hour': 0, 'min': 0}, 'end': {'hour': 0, 'min': 0}, 'day_of_week': 'friday'}]",6140a4235c49bb986631011b,isfahan-city,612b815e2d28e7b40b49aeb8,هتل,Hotel,"[32.6486512, 51.6675686]",0.0,0,"{'1': 0, '2': 0, '3': 0, '4': 0, '5': 0}"
630b6897c032471a2060ad5b,هتل صفوی,safavi-hotel-isfahan,"[{'start': {'hour': 0, 'min': 0}, 'end': {'hour': 0, 'min': 0}, 'day_of_week': 'saturday'}, {'start': {'hour': 0, 'min': 0}, 'end': {'hour': 0, 'min': 0}, 'day_of_week': 'sunday'}, {'start': {'hour': 0, 'min': 0}, 'end': {'hour': 0, 'min': 0}, 'day_of_week': 'monday'}, {'start': {'hour': 0, 'min': 0}, 'end': {'hour': 0, 'min': 0}, 'day_of_week': 'tuesday'}, {'start': {'hour': 0, 'min': 0}, 'end': {'hour': 0, 'min': 0}, 'day_of_week': 'wednesday'}, {'start': {'hour': 0, 'min': 0}, 'end': {'hour': 0, 'min': 0}, 'day_of_week': 'thursday'}, {'start': {'hour': 0, 'min': 0}, 'end': {'hour': 0, 'min': 0}, 'day_of_week': 'friday'}]",6140a4235c49bb986631011b,isfahan-city,612b815e2d28e7b40b49aeb8,هتل,Hotel,"[32.6501773, 51.668777]",4.0,1,"{'1': 0, '2': 0, '3': 0, '4': 1, '5': 0}"
630c4d234b5821950e05e20a,هتل قصر منشی,ghasre-monshi-hotel-isfahan,"[{'start': {'hour': 0, 'min': 0}, 'end': {'hour': 0, 'min': 0}, 'day_of_week': 'saturday'}, {'start': {'hour': 0, 'min': 0}, 'end': {'hour': 0, 'min': 0}, 'day_of_week': 'sunday'}, {'start': {'hour': 0, 'min': 0}, 'end': {'hour': 0, 'min': 0}, 'day_of_week': 'monday'}, {'start': {'hour': 0, 'min': 0}, 'end': {'hour': 0, 'min': 0}, 'day_of_week': 'tuesday'}, {'start': {'hour': 0, 'min': 0}, 'end': {'hour': 0, 'min': 0}, 'day_of_week': 'wednesday'}, {'start': {'hour': 0, 'min': 0}, 'end': {'hour': 0, 'min': 0}, 'day_of_week': 'thursday'}, {'start': {'hour': 0, 'min': 0}, 'end': {'hour': 0, 'min': 0}, 'day_of_week': 'friday'}]",6140a4235c49bb986631011b,isfahan-city,612b815e2d28e7b40b49aeb8,هتل,Hotel,"[32.6523086, 51.6815668]",4.0,5,"{'1': 1, '2': 0, '3': 0, '4': 1, '5': 3}"
630c90904b5821950e05e213,هتل پارس اصفهان,pars-hotel-isfahan,"[{'start': {'hour': 0, 'min': 0}, 'end': {'hour': 0, 'min': 0}, 'day_of_week': 'saturday'}, {'start': {'hour': 0, 'min': 0}, 'end': {'hour': 0, 'min': 0}, 'day_of_week': 'sunday'}, {'start': {'hour': 0, 'min': 0}, 'end': {'hour': 0, 'min': 0}, 'day_of_week': 'monday'}, {'start': {'hour': 0, 'min': 0}, 'end': {'hour': 0, 'min': 0}, 'day_of_week': 'tuesday'}, {'start': {'hour': 0, 'min': 0}, 'end': {'hour': 0, 'min': 0}, 'day_of_week': 'wednesday'}, {'start': {'hour': 0, 'min': 0}, 'end': {'hour': 0, 'min': 0}, 'day_of_week': 'thursday'}, {'start': {'hour': 0, 'min': 0}, 'end': {'hour': 0, 'min': 0}, 'day_of_week': 'friday'}]",6140a4235c49bb986631011b,isfahan-city,612b815e2d28e7b40b49aeb8,هتل,Hotel,"[32.6529399, 51.6709832]",0.0,0,"{'1': 0, '2': 0, '3': 0, '4': 0, '5': 0}"
630ca30fc032471a2060ad7a,هتل مروارید  ,morvarid-hotel-isfahan,"[{'start': {'hour': 0, 'min': 0}, 'end': {'hour': 0, 'min': 0}, 'day_of_week': 'saturday'}, {'start': {'hour': 0, 'min': 0}, 'end': {'hour': 0, 'min': 0}, 'day_of_week': 'sunday'}, {'start': {'hour': 0, 'min': 0}, 'end': {'hour': 0, 'min': 0}, 'day_of_week': 'monday'}, {'start': {'hour': 0, 'min': 0}, 'end': {'hour': 0, 'min': 0}, 'day_of_week': 'tuesday'}, {'start': {'hour': 0, 'min': 0}, 'end': {'hour': 0, 'min': 0}, 'day_of_week': 'wednesday'}, {'start': {'hour': 0, 'min': 0}, 'end': {'hour': 0, 'min': 0}, 'day_of_week': 'thursday'}, {'start': {'hour': 0, 'min': 0}, 'end': {'hour': 0, 'min': 0}, 'day_of_week': 'friday'}]",6140a4235c49bb986631011b,isfahan-city,612b815e2d28e7b40b49aeb8,هتل,Hotel,"[32.6650559, 51.6740465]",1.0,1,"{'1': 1, '2': 0, '3': 0, '4': 0, '5': 0}"
630cab4ac032471a2060ad7b,هتل اسپادانا,hotel-espadana-isfahan ,"[{'start': {'hour': 0, 'min': 0}, 'end': {'hour': 0, 'min': 0}, 'day_of_week': 'saturday'}, {'start': {'hour': 0, 'min': 0}, 'end': {'hour': 0, 'min': 0}, 'day_of_week': 'sunday'}, {'start': {'hour': 0, 'min': 0}, 'end': {'hour': 0, 'min': 0}, 'day_of_week': 'monday'}, {'start': {'hour': 0, 'min': 0}, 'end': {'hour': 0, 'min': 0}, 'day_of_week': 'tuesday'}, {'start': {'hour': 0, 'min': 0}, 'end': {'hour': 0, 'min': 0}, 'day_of_week': 'wednesday'}, {'start': {'hour': 0, 'min': 0}, 'end': {'hour': 0, 'min': 0}, 'day_of_week': 'thursday'}, {'start': {'hour': 0, 'min': 0}, 'end': {'hour': 0, 'min': 0}, 'day_of_week': 'friday'}]",6140a4235c49bb986631011b,isfahan-city,612b815e2d28e7b40b49aeb8,هتل,Hotel,"[32.6410846, 51.6698616]",4.5,2,"{'1': 0, '2': 0, '3': 0, '4': 1, '5': 1}"
630dd4c3694089d256b2237c,هتل ویانا,viana-hotel-isfahan,"[{'start': {'hour': 0, 'min': 0}, 'end': {'hour': 0, 'min': 0}, 'day_of_week': 'saturday'}, {'start': {'hour': 0, 'min': 0}, 'end': {'hour': 0, 'min': 0}, 'day_of_week': 'sunday'}, {'start': {'hour': 0, 'min': 0}, 'end': {'hour': 0, 'min': 0}, 'day_of_week': 'monday'}, {'start': {'hour': 0, 'min': 0}, 'end': {'hour': 0, 'min': 0}, 'day_of_week': 'tuesday'}, {'start': {'hour': 0, 'min': 0}, 'end': {'hour': 0, 'min': 0}, 'day_of_week': 'wednesday'}, {'start': {'hour': 0, 'min': 0}, 'end': {'hour': 0, 'min': 0}, 'day_of_week': 'thursday'}, {'start': {'hour': 0, 'min': 0}, 'end': {'hour': 0, 'min': 0}, 'day_of_week': 'friday'}]",6140a4235c49bb986631011b,isfahan-city,612b815e2d28e7b40b49aeb8,هتل,Hotel,"[32.6628559, 51.6520742]",0.0,0,"{'1': 0, '2': 0, '3': 0, '4': 0, '5': 0}"
630dd95ac032471a2060ad8f,هتل سرای اردیبهشت,saraye-ordibehesht-hotel-isfahan,"[{'start': {'hour': 0, 'min': 0}, 'end': {'hour': 0, 'min': 0}, 'day_of_week': 'saturday'}, {'start': {'hour': 0, 'min': 0}, 'end': {'hour': 0, 'min': 0}, 'day_of_week': 'sunday'}, {'start': {'hour': 0, 'min': 0}, 'end': {'hour': 0, 'min': 0}, 'day_of_week': 'monday'}, {'start': {'hour': 0, 'min': 0}, 'end': {'hour': 0, 'min': 0}, 'day_of_week': 'tuesday'}, {'start': {'hour': 0, 'min': 0}, 'end': {'hour': 0, 'min': 0}, 'day_of_week': 'wednesday'}, {'start': {'hour': 0, 'min': 0}, 'end': {'hour': 0, 'min': 0}, 'day_of_week': 'thursday'}, {'start': {'hour': 0, 'min': 0}, 'end': {'hour': 0, 'min': 0}, 'day_of_week': 'friday'}]",6140a4235c49bb986631011b,isfahan-city,612b815e2d28e7b40b49aeb8,هتل,Hotel,"[32.6563661, 51.6513064]",5.0,1,"{'1': 0, '2': 0, '3': 0, '4': 0, '5': 1}"
630f18184b5821950e05e240,هتل چهلستون,chehel-sotun-hotel-isfahan,"[{'start': {'hour': 0, 'min': 0}, 'end': {'hour': 0, 'min': 0}, 'day_of_week': 'saturday'}, {'start': {'hour': 0, 'min': 0}, 'end': {'hour': 0, 'min': 0}, 'day_of_week': 'sunday'}, {'start': {'hour': 0, 'min': 0}, 'end': {'hour': 0, 'min': 0}, 'day_of_week': 'monday'}, {'start': {'hour': 0, 'min': 0}, 'end': {'hour': 0, 'min': 0}, 'day_of_week': 'tuesday'}, {'start': {'hour': 0, 'min': 0}, 'end': {'hour': 0, 'min': 0}, 'day_of_week': 'wednesday'}, {'start': {'hour': 0, 'min': 0}, 'end': {'hour': 0, 'min': 0}, 'day_of_week': 'thursday'}, {'start': {'hour': 0, 'min': 0}, 'end': {'hour': 0, 'min': 0}, 'day_of_week': 'friday'}]",6140a4235c49bb986631011b,isfahan-city,612b815e2d28e7b40b49aeb8,هتل,Hotel,"[32.6526775, 51.6459982]",0.0,0,"{'1': 0, '2': 0, '3': 0, '4': 0, '5': 0}"
630f1c15c032471a2060adac,هتل شیخ بهایی,sheykh-bahaei-hotel-isfahan,"[{'start': {'hour': 0, 'min': 0}, 'end': {'hour': 0, 'min': 0}, 'day_of_week': 'saturday'}, {'start': {'hour': 0, 'min': 0}, 'end': {'hour': 0, 'min': 0}, 'day_of_week': 'sunday'}, {'start': {'hour': 0, 'min': 0}, 'end': {'hour': 0, 'min': 0}, 'day_of_week': 'monday'}, {'start': {'hour': 0, 'min': 0}, 'end': {'hour': 0, 'min': 0}, 'day_of_week': 'tuesday'}, {'start': {'hour': 0, 'min': 0}, 'end': {'hour': 0, 'min': 0}, 'day_of_week': 'wednesday'}, {'start': {'hour': 0, 'min': 0}, 'end': {'hour': 0, 'min': 0}, 'day_of_week': 'thursday'}, {'start': {'hour': 0, 'min': 0}, 'end': {'hour': 0, 'min': 0}, 'day_of_week': 'friday'}]",6140a4235c49bb986631011b,isfahan-city,612b815e2d28e7b40b49aeb8,هتل,Hotel,"[32.6528997, 51.6662925]",3.2,5,"{'1': 1, '2': 0, '3': 2, '4': 1, '5': 1}"
630f43714b5821950e05e248,هتل باران,baran-hotel-isfahan,"[{'start': {'hour': 0, 'min': 0}, 'end': {'hour': 0, 'min': 0}, 'day_of_week': 'saturday'}, {'start': {'hour': 0, 'min': 0}, 'end': {'hour': 0, 'min': 0}, 'day_of_week': 'sunday'}, {'start': {'hour': 0, 'min': 0}, 'end': {'hour': 0, 'min': 0}, 'day_of_week': 'monday'}, {'start': {'hour': 0, 'min': 0}, 'end': {'hour': 0, 'min': 0}, 'day_of_week': 'tuesday'}, {'start': {'hour': 0, 'min': 0}, 'end': {'hour': 0, 'min': 0}, 'day_of_week': 'wednesday'}, {'start': {'hour': 0, 'min': 0}, 'end': {'hour': 0, 'min': 0}, 'day_of_week': 'thursday'}, {'start': {'hour': 0, 'min': 0}, 'end': {'hour': 0, 'min': 0}, 'day_of_week': 'friday'}]",6140a4235c49bb986631011b,isfahan-city,612b815e2d28e7b40b49aeb8,هتل,Hotel,"[32.7236674, 51.5882981]",5.0,2,"{'1': 0, '2': 0, '3': 0, '4': 0, '5': 2}"
630f455f694089d256b2239b,هتل چهل پنجره,chehel-panjareh-hotel-isfahan,"[{'start': {'hour': 0, 'min': 0}, 'end': {'hour': 0, 'min': 0}, 'day_of_week': 'saturday'}, {'start': {'hour': 0, 'min': 0}, 'end': {'hour': 0, 'min': 0}, 'day_of_week': 'sunday'}, {'start': {'hour': 0, 'min': 0}, 'end': {'hour': 0, 'min': 0}, 'day_of_week': 'monday'}, {'start': {'hour': 0, 'min': 0}, 'end': {'hour': 0, 'min': 0}, 'day_of_week': 'tuesday'}, {'start': {'hour': 0, 'min': 0}, 'end': {'hour': 0, 'min': 0}, 'day_of_week': 'wednesday'}, {'start': {'hour': 0, 'min': 0}, 'end': {'hour': 0, 'min': 0}, 'day_of_week': 'thursday'}, {'start': {'hour': 0, 'min': 0}, 'end': {'hour': 0, 'min': 0}, 'day_of_week': 'friday'}]",6140a4235c49bb986631011b,isfahan-city,612b815e2d28e7b40b49aeb8,هتل,Hotel,"[32.6392621, 51.6496586]",1.0,2,"{'1': 2, '2': 0, '3': 0, '4': 0, '5': 0}"
63134654694089d256b2240a,هتل زنده رود,zendehrod-hotel-isfahan,"[{'start': {'hour': 0, 'min': 0}, 'end': {'hour': 0, 'min': 0}, 'day_of_week': 'saturday'}, {'start': {'hour': 0, 'min': 0}, 'end': {'hour': 0, 'min': 0}, 'day_of_week': 'sunday'}, {'start': {'hour': 0, 'min': 0}, 'end': {'hour': 0, 'min': 0}, 'day_of_week': 'monday'}, {'start': {'hour': 0, 'min': 0}, 'end': {'hour': 0, 'min': 0}, 'day_of_week': 'tuesday'}, {'start': {'hour': 0, 'min': 0}, 'end': {'hour': 0, 'min': 0}, 'day_of_week': 'wednesday'}, {'start': {'hour': 0, 'min': 0}, 'end': {'hour': 0, 'min': 0}, 'day_of_week': 'thursday'}, {'start': {'hour': 0, 'min': 0}, 'end': {'hour': 0, 'min': 0}, 'day_of_week': 'friday'}]",6140a4235c49bb986631011b,isfahan-city,612b815e2d28e7b40b49aeb8,هتل,Hotel,"[32.6524475, 51.6916162]",0.0,0,"{'1': 0, '2': 0, '3': 0, '4': 0, '5': 0}"
6313488e694089d256b2240c,هتل همام,homam-hotel-isfahan,"[{'start': {'hour': 0, 'min': 0}, 'end': {'hour': 0, 'min': 0}, 'day_of_week': 'saturday'}, {'start': {'hour': 0, 'min': 0}, 'end': {'hour': 0, 'min': 0}, 'day_of_week': 'sunday'}, {'start': {'hour': 0, 'min': 0}, 'end': {'hour': 0, 'min': 0}, 'day_of_week': 'monday'}, {'start': {'hour': 0, 'min': 0}, 'end': {'hour': 0, 'min': 0}, 'day_of_week': 'tuesday'}, {'start': {'hour': 0, 'min': 0}, 'end': {'hour': 0, 'min': 0}, 'day_of_week': 'wednesday'}, {'start': {'hour': 0, 'min': 0}, 'end': {'hour': 0, 'min': 0}, 'day_of_week': 'thursday'}, {'start': {'hour': 0, 'min': 0}, 'end': {'hour': 0, 'min': 0}, 'day_of_week': 'friday'}]",6140a4235c49bb986631011b,isfahan-city,612b815e2d28e7b40b49aeb8,هتل,Hotel,"[32.5880662, 51.6707692]",3.3333333333333335,3,"{'1': 1, '2': 0, '3': 0, '4': 1, '5': 1}"
6314aad1694089d256b2243f,هتل سنتی طلوع خورشید,toloukhorshid-hotel-isfahan,"[{'start': {'hour': 0, 'min': 0}, 'end': {'hour': 0, 'min': 0}, 'day_of_week': 'saturday'}, {'start': {'hour': 0, 'min': 0}, 'end': {'hour': 0, 'min': 0}, 'day_of_week': 'sunday'}, {'start': {'hour': 0, 'min': 0}, 'end': {'hour': 0, 'min': 0}, 'day_of_week': 'monday'}, {'start': {'hour': 0, 'min': 0}, 'end': {'hour': 0, 'min': 0}, 'day_of_week': 'tuesday'}, {'start': {'hour': 0, 'min': 0}, 'end': {'hour': 0, 'min': 0}, 'day_of_week': 'wednesday'}, {'start': {'hour': 0, 'min': 0}, 'end': {'hour': 0, 'min': 0}, 'day_of_week': 'thursday'}, {'start': {'hour': 0, 'min': 0}, 'end': {'hour': 0, 'min': 0}, 'day_of_week': 'friday'}]",6140a4235c49bb986631011b,isfahan-city,612b815e2d28e7b40b49aeb8,هتل,Hotel,"[32.6729008, 51.6855759]",5.0,4,"{'1': 0, '2': 0, '3': 0, '4': 0, '5': 4}"
631b096f4b5821950e05e3ac,هتل هخامنشیان پارتاک,partak-hotel-isfahan,"[{'start': {'hour': 0, 'min': 0}, 'end': {'hour': 0, 'min': 0}, 'day_of_week': 'saturday'}, {'start': {'hour': 0, 'min': 0}, 'end': {'hour': 0, 'min': 0}, 'day_of_week': 'sunday'}, {'start': {'hour': 0, 'min': 0}, 'end': {'hour': 0, 'min': 0}, 'day_of_week': 'monday'}, {'start': {'hour': 0, 'min': 0}, 'end': {'hour': 0, 'min': 0}, 'day_of_week': 'tuesday'}, {'start': {'hour': 0, 'min': 0}, 'end': {'hour': 0, 'min': 0}, 'day_of_week': 'wednesday'}, {'start': {'hour': 0, 'min': 0}, 'end': {'hour': 0, 'min': 0}, 'day_of_week': 'thursday'}, {'start': {'hour': 0, 'min': 0}, 'end': {'hour': 0, 'min': 0}, 'day_of_week': 'friday'}]",6140a4235c49bb986631011b,isfahan-city,612b815e2d28e7b40b49aeb8,هتل,Hotel,"[32.7165176, 51.5827874]",3.6666666666666665,3,"{'1': 1, '2': 0, '3': 0, '4': 0, '5': 2}"
648d60de579c35d3d900f182,بوتیک هتل شهسواران,shasavaran-boutique-hotel-isfahan,"[{'start': {'hour': 0, 'min': 0}, 'end': {'hour': 0, 'min': 0}, 'day_of_week': 'saturday'}, {'start': {'hour': 0, 'min': 0}, 'end': {'hour': 0, 'min': 0}, 'day_of_week': 'sunday'}, {'start': {'hour': 0, 'min': 0}, 'end': {'hour': 0, 'min': 0}, 'day_of_week': 'monday'}, {'start': {'hour': 0, 'min': 0}, 'end': {'hour': 0, 'min': 0}, 'day_of_week': 'tuesday'}, {'start': {'hour': 0, 'min': 0}, 'end': {'hour': 0, 'min': 0}, 'day_of_week': 'wednesday'}, {'start': {'hour': 0, 'min': 0}, 'end': {'hour': 0, 'min': 0}, 'day_of_week': 'thursday'}, {'start': {'hour': 0, 'min': 0}, 'end': {'hour': 0, 'min': 0}, 'day_of_week': 'friday'}]",6140a4235c49bb986631011b,isfahan-city,612b815e2d28e7b40b49aeb8,هتل,Hotel,"[32.66579532624943, 51.676635105857514]",4.7272727272727275,22,"{'1': 0, '2': 0, '3': 1, '4': 4, '5': 17}"
